{"cameraMode":{"drawMode":0,"name":"Shaded","section":"Shading Mode"},"sceneLighting":true,"audioPlay":false,"sceneViewState":{"showFog":true,"showMaterialUpdate":false,"showSkybox":true,"showFlares":true,"showImageEffects":true,"showParticleSystems":true},"in2DMode":false,"pivot":{"x":377.01593017578127,"y":439.9254455566406,"z":76.07440185546875},"rotation":{"x":-0.003519030986353755,"y":-0.9948662519454956,"z":-0.03701934963464737,"w":0.09458570927381516},"size":436.0394287109375,"orthographic":false}