{"cameraMode":{"drawMode":0,"name":"Shaded","section":"Shading Mode"},"sceneLighting":true,"audioPlay":false,"sceneViewState":{"showFog":true,"showMaterialUpdate":false,"showSkybox":true,"showFlares":true,"showImageEffects":true,"showParticleSystems":true},"in2DMode":false,"pivot":{"x":-175.83261108398438,"y":-131.24191284179688,"z":-35.97523880004883},"rotation":{"x":0.3469216823577881,"y":-0.5668131709098816,"z":0.2845796048641205,"w":0.6909653544425964},"size":663.5233764648438,"orthographic":false}