{"cameraMode":{"drawMode":0,"name":"Shaded","section":"Shading Mode"},"sceneLighting":true,"audioPlay":false,"sceneViewState":{"showFog":true,"showMaterialUpdate":false,"showSkybox":true,"showFlares":true,"showImageEffects":true,"showParticleSystems":true},"in2DMode":false,"pivot":{"x":-3.6324310302734377,"y":-67.14762878417969,"z":90.07026672363281},"rotation":{"x":0.30856138467788699,"y":-0.5605313181877136,"z":0.2365439087152481,"w":0.7312515377998352},"size":242.84999084472657,"orthographic":false}